StartDate,EndDate,Status,IPAddress,Progress,Duration (in seconds),Finished,RecordedDate,ResponseId,RecipientLastName,RecipientFirstName,RecipientEmail,ExternalReference,LocationLatitude,LocationLongitude,DistributionChannel,UserLanguage,ConsentForm,DateofConsent,Prolific,AttentionCheck1,Rewrite1,Analysis1,Interpretation1,Confidence1,IsTrue1,Remove1,Rewrite2,Analysis2,Interpretation2,Confidence2,IsTrue2,Remove2,Rewrite3,Analysis3,Interpretation3,Confidence3,IsTrue3,Remove3,Rewrite4,Analysis4,Interpretation4,Confidence4,IsTrue4,Remove4,Rewrite5,Analysis5,Interpretation5,Confidence5,IsTrue5,Remove5,Rewrite6,Analysis6,Interpretation6,Confidence6,IsTrue6,Remove6,Rewrite7,Analysis7,Interpretation7,Confidence7,IsTrue7,Remove7,Rewrite8,Analysis8,Interpretation8,Confidence8,IsTrue8,Remove8,Rewrite9,Analysis9,Interpretation9,Confidence9,IsTrue9,Remove9,Rewrite10,Interpretation10,Confidence10,IsTrue10,Remove10,Rewrite11,Interpretation11,Confidence11,IsTrue11,Remove11,Rewrite12,Interpretation12,Confidence12,IsTrue12,Remove12,Rewrite13,Interpretation13,Confidence13,IsTrue13,Remove13,Rewrite14,Interpretation14,Confidence14,IsTrue14,Remove14,Rewrite15,Interpretation15,Confidence15,IsTrue15,Remove15,Rewrite16,Interpretation16,Confidence16,IsTrue16,Remove16,Rewrite17,Interpretation17,Confidence17,IsTrue17,Remove17,Rewrite18,Interpretation18,Confidence18,IsTrue18,Remove18,Rewrite19,Interpretation19,Confidence19,IsTrue19,Remove19,Rewrite20,Interpretation20,Confidence20,IsTrue20,Remove20,Police1,Police2,Police3,Gender,Age,Race,Country,NativeLanguage,ExposedtoEng,OtherLanguages,EngFrequency,PotentialConflicts,PotentialConflicts_1_TEXT,Seriousness,QuietEnvironment,Distracted,CommentFeedback,CommentFeedback,PROLIFIC_PID
2/16/25 17:43,2/16/25 17:50,0,96.33.160.178,100,446,1,2/16/25 17:50,R_6EI3K4CPCnYDG13,,,,,42.1245,-72.4464,anonymous,EN,1,2/16/25,6690c433c8bedd2996d7f973,3,,,,,,,,,,,,,,,,,,,,,,,,,,,,,,,,,,,,,,,,,,,,,,,,,,,,,,,,,,,,,,,,,,,,,,,,,,,,,,,,,,,,,A shelter with good conditions is a necessity and people should not be denied refuge.,1,7,3,3,,,,,,,,,,,,,,,,,,,,,2,2,2,2,18,"1,6",1,English,0,N/A,100%,2,,4,1,2,NA,NA,6690c433c8bedd2996d7f973
2/16/25 17:44,2/16/25 17:55,0,174.228.160.251,100,662,1,2/16/25 17:55,R_7y2U8mWgPKOT1Bf,,,,,28.53,-81.4807,anonymous,EN,1,2/16/25,5b26da1934ffd00001b45d8d,3,,,,,,,,,,,,,,,,,,,,,,,,,,,,,,,,,,,,,,,,,,,,,,,,,,,,,,,,,,,,,,,,,,,,,,,,,,,,,,,,,,,,,,,,,,,,,,,,,,,,"It is important to ensure that communities have access to clean water through a well-maintained distribution system, and they should not be prohibited from using this vital resource.",1,5,1,5,,,,,,2,2,2,1,40,1,1,English,0,I don't speak any other language,100%,2,,4,1,2,NA,NA,5b26da1934ffd00001b45d8d
2/16/25 17:51,2/16/25 17:56,0,76.228.106.188,100,301,1,2/16/25 17:56,R_6a0GV7Ym3EkQKit,,,,,35.8677,-86.4174,anonymous,EN,1,2/16/25,674b71f1c045ef7f014cc567,3,,,,,,,,,,,,,,,,,,,,,,,,,,,,,,,,,,,,,,,,,,,,,,,,,,,,,,,,,,,,Scientists need to know how to use a telescope to do their job.,2,5,3,5,,,,,,,,,,,,,,,,,,,,,,,,,,,,,,,,,,,,,,,,,,,,,,2,2,1,2,32,1,1,English,0,None,100%,2,,4,1,2,NA,NA,674b71f1c045ef7f014cc567
2/16/25 18:43,2/16/25 18:47,0,134.197.0.151,100,240,1,2/16/25 18:47,R_5PYKkN4jYUox9pT,,,,,39.5381,-119.8365,anonymous,EN,1,16-Feb-25,66908468a367218ba2c439be,3,,,,,,,,,,,,,,,,,,,,,,,,,,,,,,,,,,,,,,,,,,,,,,,,,,,,,,,Bee hive owners have the right to take care of and harvest from their beehives.,2,4,3,1,,,,,,,,,,,,,,,,,,,,,,,,,,,,,,,,,,,,,,,,,,,,,,,,,,,2,2,1,1,20,4,1,English,0,N/A,N/A,2,,4,1,1,NA,NA,66908468a367218ba2c439be
2/16/25 18:42,2/16/25 18:47,0,74.69.6.82,100,314,1,2/16/25 18:47,R_1Lhhs0130zePlbs,,,,,42.8656,-73.7709,anonymous,EN,1,2/16/25,63d3fa2d13e1ebedf2f56806,3,,,,,,,,,,,,,,,,,,,,,,,,,,,,,,,,,,,,,,,,,,,,,,,,,,,,,,,,,,,,,,,,,,,,,,,,,,,,,,,,,,,,,,,,,,"The community needs to have access to the local weather station, as it alerts them to dangerous storms. ",2,6,1,5,,,,,,,,,,,,,,,,2,2,1,2,31,1,1,English,0,None,100%,2,,4,1,2,NA,NA,63d3fa2d13e1ebedf2f56806
2/16/25 18:43,2/16/25 18:49,0,68.57.51.161,100,324,1,2/16/25 18:49,R_1N9YgUUuXBOI3oo,,,,,37.0634,-88.6632,anonymous,EN,1,2/16/25,67ad37d36b528753a6c432bc,3,,,,,,,,,,,,,,,,,,,,,,,,,,,,,,,,,,,,,,,,,,,,,,,,,,,,,,,,,,,,,,,,,,,,,,,,,,,,,,,,,,,,,,,,,,,,,,,"Students, w/o access to education within our library must not be restricted. ",2,3,3,3,,,,,,,,,,,2,2,1,2,30,1,1,English,0,N/A,100%,2,,4,1,2,NA,NA,67ad37d36b528753a6c432bc
2/16/25 18:44,2/16/25 18:49,0,67.169.145.104,100,331,1,2/16/25 18:49,R_3btvNgOMCuzFeMh,,,,,37.0313,-122.1198,anonymous,EN,1,2/16/25,668595376c76d39676d95d54,3,,,,,,,,,,,,,,,,,,,,,,,,,,,,,,,,,,,,,A busy road used for travel and trade should not be obstructed.,Not Always,2,3,1,3,,,,,,,,,,,,,,,,,,,,,,,,,,,,,,,,,,,,,,,,,,,,,,,,,,,,,,,,,,,,,,,,,,,,2,2,1,3,25,7,1,Spanish,2,None,90%,2,,4,1,2,NA,NA,668595376c76d39676d95d54
2/16/25 18:46,2/16/25 18:49,0,50.40.120.92,100,217,1,2/16/25 18:50,R_5ifY8iaaW0X0IvM,,,,,39.0394,-89.9673,anonymous,EN,1,2/16/25,65ca25d9495bbd05f7fbfb6c,3,,,,,,,,,,,,,,,,,,,,,,,,,,,,,,,,,,,,,,,,,,,People should have access to and the ability to use a sundial.  ,Always,1,5,2,6,,,,,,,,,,,,,,,,,,,,,,,,,,,,,,,,,,,,,,,,,,,,,,,,,,,,,,,,,,,,,,2,2,1,1,32,1,1,English,0,None,100%,2,,4,1,2,NA,NA,65ca25d9495bbd05f7fbfb6c
2/16/25 18:43,2/16/25 18:50,0,76.34.17.106,100,440,1,2/16/25 18:50,R_1sjOuQ29ZKItoAL,,,,,37.9668,-87.4912,anonymous,EN,1,2/16/25,67876285103f57f54f701beb,3,,,,,,,,,,,,,,,,,,,,,,,,,,,,,,,,,,,,,,,,,,,,,,,,,,,,,,,,,,,,,,,,,,,,,,,,,,,,,,,,,,,,,,,,,,,,,,,,,,,,,,,,,"It's absolutely vital for meteorologists to be able to monitor weather conditions, so the careful placement of weathervanes is crucial.",2,3,1,5,2,2,1,1,29,1,1,English ,0,I only speak English ,100%,2,,4,1,2,NA,NA,67876285103f57f54f701beb
2/16/25 18:44,2/16/25 18:50,0,137.83.94.97,100,398,1,2/16/25 18:50,R_3I74H65vvEmJJZP,,,,,39.9422,-104.7854,anonymous,EN,1,2/16/25,65f32fe30e71cd7be2d01508,3,,,,,,,,,,,,,,,,,,,The cultural tradition of passing down knowledge fosters unity in the community and will not be erased. ,Ambiguous,2,5,1,3,,,,,,,,,,,,,,,,,,,,,,,,,,,,,,,,,,,,,,,,,,,,,,,,,,,,,,,,,,,,,,,,,,,,,,,,,,,,,,,,,,,,,,2,2,1,2,28,1,1,English ,0,0,100%,2,,4,1,2,Na,Na,65f32fe30e71cd7be2d01508
2/16/25 18:43,2/16/25 18:50,0,71.81.0.87,100,431,1,2/16/25 18:50,R_1GVybVAWcIqojSB,,,,,34.895,-81.9204,anonymous,EN,1,2/16/25,67b0faede3fe3db420a3dd26,3,,,,,,,The orchard must be maintained in order for farmers to harvest and distribute fruit for the communities food supply.,Not always/Not mentioned? (kind of got it backward),2,6,2,3,,,,,,,,,,,,,,,,,,,,,,,,,,,,,,,,,,,,,,,,,,,,,,,,,,,,,,,,,,,,,,,,,,,,,,,,,,,,,,,,,,,,,,,,,,,,,,,,,,2,2,1,2,54,1,1,English,0,N/A,N/A,2,,4,1,2,NA,NA,67b0faede3fe3db420a3dd26
2/16/25 18:43,2/16/25 18:51,0,172.56.16.88,100,489,1,2/16/25 18:51,R_7cbwDg2Frw22t7s,,,,,41.923,-87.7531,anonymous,EN,1,2/16/25,6599af7c0c80c3b946e04a97,3,,,,,,,,,,,,,,,,,,,,,,,,,,,,,,,,,,,,,,,,,,,,,,,,,Curators should be able to acquire and exhibit works of art so that they can be viewed by many.,Always,2,6,3,5,,,,,,,,,,,,,,,,,,,,,,,,,,,,,,,,,,,,,,,,,,,,,,,,,,,,,,,,2,2,1,1,50,1,1,Envy,I was expoyto English as as I was born.,Some Spanish ,95^,2,,4,1,2,NA,NA,6599af7c0c80c3b946e04a97
2/16/25 18:48,2/16/25 18:51,0,70.231.13.34,100,201,1,2/16/25 18:51,R_1pSH2gwLNrEN4xH,,,,,33.8019,-84.3861,anonymous,EN,1,2/16/25,629534afc0924e49e1464589,3,,,,,,,,,,,,,,,,,,,,,,,,,,,,,,,,,,,,,,,,,,,,,,,,,,,,,,,,,,,,,,,,,,,,,,,,,,,"A fully functional lighthouse is an absolute must for safe maritime operations, guiding sailors and avoiding accidents.",2,6,1,5,,,,,,,,,,,,,,,,,,,,,,,,,,,,,,,2,2,1,1,38,4,1,Urdu,2,"Urdu, 0
Arabic, 5",90%,2,,4,1,2,NA,NA,629534afc0924e49e1464589
2/16/25 18:45,2/16/25 18:52,0,50.27.4.153,100,421,1,2/16/25 18:52,R_6VT8dCUjONgqDRf,,,,,33.5911,-101.936,anonymous,EN,1,2/16/25,668525b0e1eff8d40c686ec0,3,,,,,,,,,,,,,,,,,,,,,,,,,,,,,,,,,,,,,,,,,,,,,,,,,,,,,,,,,,,,,,,,,,,,,,"A good stock of food reserve is important for food security, so people must have access to essential supplies.",2,7,1,1,,,,,,,,,,,,,,,,,,,,,,,,,,,,,,,,,,,,2,2,1,1,35,4,7,Chinese,8,NA,100%,2,,4,1,2,NA,NA,668525b0e1eff8d40c686ec0
2/16/25 18:45,2/16/25 18:52,0,68.112.31.150,100,383,1,2/16/25 18:52,R_6HbD9yzNQpCpm3c,,,,,34.5251,-82.6307,anonymous,EN,1,2/16/25,66f0eda58aabb19b40a60936,3,,,,,,,,,,,,,,,,,,,,,,,,,"The damn, that keeps water from flooding the area, must be properly maintained by engineers.",Not Always,2,7,3,5,,,,,,,,,,,,,,,,,,,,,,,,,,,,,,,,,,,,,,,,,,,,,,,,,,,,,,,,,,,,,,,,,,,,,,,,,,,,,,,,2,2,1,2,53,2,1,English,0,None,100%,2,,4,1,2,N/A,N/A,66f0eda58aabb19b40a60936
2/16/25 18:48,2/16/25 18:52,0,68.134.37.104,100,237,1,2/16/25 18:52,R_1l8jTPdQBAdt3fX,,,,,39.2126,-76.7136,anonymous,EN,1,2/16/25,663e59a5d1091f0c6becbfdf,3,,,,,,,,,,,,,,,,,,,,,,,,,,,,,,,An organized marketplace not being curtailed is essential to economic exchange,Always,2,6,3,2,,,,,,,,,,,,,,,,,,,,,,,,,,,,,,,,,,,,,,,,,,,,,,,,,,,,,,,,,,,,,,,,,,,,,,,,,,2,2,1,1,18,2,1,English,0,N/A,100%,2,,4,1,2,NA,NA,663e59a5d1091f0c6becbfdf
2/16/25 18:48,2/16/25 18:52,0,141.233.88.49,100,236,1,2/16/25 18:52,R_5qfeLJLEenlx9Js,,,,,43.0757,-89.203,anonymous,EN,1,2/16/25,67884d2db0aaf0a3b41ef4e0,3,,,,,,,,,,,,,,,,,,,,,,,,,,,,,,,,,,,,,,,,,,,,,,,,,,,,,,,,,,,,A well calibrated telescope is necessary in order to advance astronomical research and to allow scientists to observe and document celestial bodies. ,2,5,2,6,,,,,,,,,,,,,,,,,,,,,,,,,,,,,,,,,,,,,,,,,,,,,,2,2,1,2,19,"1,5",1,English,0,0,100%,2,,4,2,2,NA,NA,67884d2db0aaf0a3b41ef4e0
2/16/25 18:47,2/16/25 18:52,0,98.204.97.27,100,355,1,2/16/25 18:52,R_3E0tFkJXlJHNVcQ,,,,,38.9379,-77.0859,anonymous,EN,1,2/16/25,60fd4c6f52ed603b43aa2e57,3,,,,,,,,,,,,,,,,,,,,,,,,,,,,,,,,,,,,,,,,,,,,,,,,,,,,,,,,,,,,,,,,,You must not refuse the right of individuals to seek safety in a structurally sound shelter which is necessary for refuge in extreme conditions.,2,3,3,5,,,,,,,,,,,,,,,,,,,,,,,,,,,,,,,,,,,,,,,,,2,2,1,2,33,1,1,English ,0,None,100,2,,4,1,2,NA,NA,60fd4c6f52ed603b43aa2e57
2/16/25 18:48,2/16/25 18:53,0,206.251.223.70,100,289,1,2/16/25 18:53,R_5ro7uGUlDEBv573,,,,,35.7101,-86.3994,anonymous,EN,1,2/16/25,66aa2f349fa0ed47b7f61a46,3,,,,,,,,,,,,,,,,,,,,,,,,,,,,,,,,,,,,,,,,,,,,,,,,,The preserved masterpiece must not be undermined. ,Ambiguous,2,3,3,3,,,,,,,,,,,,,,,,,,,,,,,,,,,,,,,,,,,,,,,,,,,,,,,,,,,,,,,,2,2,1,2,38,1,1,Emglish,0,Na,100%,2,,4,1,2,Na,Na,66aa2f349fa0ed47b7f61a46
2/16/25 18:48,2/16/25 18:53,0,97.140.153.2,100,297,1,2/16/25 18:53,R_71cQ7RsAO33n4d6,,,,,35.1936,-80.6865,anonymous,EN,1,2/16/25,60fef47b6e61932179680009,3,,,,,,,,,,,,,,,,,,,,,,,,,,,,,,,,,,,,,,,,,,,,,,,,,,,,,,,,,,,,,,,,,,,,,,,,,,,,,,,,"A thoughtfully designed garden is necessary for the preservation of rare plants, and the ability of botanists to study and cultivate species should not be impeded. ",2,5,1,3,,,,,,,,,,,,,,,,,,,,,,,,,,2,2,1,2,29,1,1,English ,0,N/a,N/a,2,,4,1,2,NA,NA,60fef47b6e61932179680009
2/16/25 18:46,2/16/25 18:53,0,174.170.208.237,100,423,1,2/16/25 18:53,R_1eQkxfDZsBkVDHj,,,,,29.0382,-95.4416,anonymous,EN,1,2.16.2025,65c4000ffa2e6230b49ab230,3,,,,,,,,,,,,,,,,,,,,,,,,,,,,,,,"In order to keep the market place well organized, vendors should be able to exchange goods without restricitons.",Not Always,2,6,1,5,,,,,,,,,,,,,,,,,,,,,,,,,,,,,,,,,,,,,,,,,,,,,,,,,,,,,,,,,,,,,,,,,,,,,,,,,,2,2,1,2,29,2,1,english,0,none,100,2,,4,1,2,na,na,65c4000ffa2e6230b49ab230
2/16/25 18:45,2/16/25 18:53,0,24.246.255.72,100,497,1,2/16/25 18:53,R_1dovE2Nf6oQ6fAH,,,,,40.9645,-76.8844,anonymous,EN,1,2/16/25,63d40d717721e5fa5e4cc357,3,,,,,,,,,,,,,Individuals must be allowed to build fires for warmth and food to avoid dying in areas with harsh climates.,Always,2,5,3,5,,,,,,,,,,,,,,,,,,,,,,,,,,,,,,,,,,,,,,,,,,,,,,,,,,,,,,,,,,,,,,,,,,,,,,,,,,,,,,,,,,,,,,,,,,,,2,2,1,2,40,1,1,English,0,0,100,2,,4,1,2,NA,NA,63d40d717721e5fa5e4cc357
2/16/25 18:50,2/16/25 18:54,0,207.183.142.81,100,242,1,2/16/25 18:54,R_5CzNJIyYr10PD7X,,,,,36.1835,-94.1762,anonymous,EN,1,2/16/25,670d3d2b6a7e4374077e0fbe,3,,,,,,,,,,,,,,,,,,,,,,,,,"Engineering experts need to repair and reinforce a dam, they must not be impeded ",Always,2,6,1,4,,,,,,,,,,,,,,,,,,,,,,,,,,,,,,,,,,,,,,,,,,,,,,,,,,,,,,,,,,,,,,,,,,,,,,,,,,,,,,,,2,2,1,1,31,"1,3",1,English ,0,None,100%,2,,4,1,2,NA,NA,670d3d2b6a7e4374077e0fbe
2/16/25 18:45,2/16/25 18:54,0,68.184.205.61,100,578,1,2/16/25 18:54,R_5DBXSerL2Y9Q43v,,,,,38.6142,-90.2921,anonymous,EN,1,2/16/25,674a60470c3db9101044cfcb,3,The right of individuals to access and maintain records for a well-preserved historical archive must not be restricted. ,Always,1,2,3,5,,,,,,,,,,,,,,,,,,,,,,,,,,,,,,,,,,,,,,,,,,,,,,,,,,,,,,,,,,,,,,,,,,,,,,,,,,,,,,,,,,,,,,,,,,,,,,,,,,,,,,,,2,2,1,2,48,1,1,english,0,0,100,2,,4,1,2,"a little confusing, see below",I didn't feel like I was given a choice that really fit what the sentence meant,674a60470c3db9101044cfcb
2/16/25 18:50,2/16/25 18:54,0,66.186.251.127,100,286,1,2/16/25 18:54,R_5brexkY3rZfARON,,,,,30.303,-90.972,anonymous,EN,1,2/16/25,57439a4354636a000d78639a,3,,,,,,,,,,,,,,,,,,,,,,,,,,,,,,,,,,,,,,,,,,,,,,,,,,,,,,,,,,,,,,,,,,,,,,,,,,,,,,,,,,,,,,,,,,"In order to predict dangerous storms, the weather needs to be monitored at all times and the community needs access to the information.",2,5,3,2,,,,,,,,,,,,,,,,2,2,1,2,36,1,1,English,0,none,100%,2,,4,1,2,No I understood it,NA,57439a4354636a000d78639a
2/16/25 18:51,2/16/25 18:55,0,67.170.141.91,100,250,1,2/16/25 18:55,R_3EvqRfR37MaMsbV,,,,,45.4508,-122.7941,anonymous,EN,1,2/16/25,655f915c87dc5be942a6053c,3,,,,,,,,,,,,,,,,,,,,,,,,,,,,,,,,,,,,,,,,,,,,,,,,,,,,,,,,,,,,,,,,,,,,,,,,,,,,,,,,,,,,,the right of individuals to seek and maintain refuge should not be denied due to shelter being  necessary for survival,1,3,3,6,,,,,,,,,,,,,,,,,,,,,2,2,1,3,20,2,1,english,0,0,100,2,,4,1,2,NA,NA,655f915c87dc5be942a6053c
2/16/25 18:48,2/16/25 18:55,0,174.178.44.37,100,395,1,2/16/25 18:55,R_33r09Wypm7b8XLU,,,,,41.4745,-75.5649,anonymous,EN,1,2/16/25,67ae751c82b60f49959585ef,3,,,,,,,,,,,,,,,,,,,,,,,,,,,,,,,,,,,,,,,,,,,,,,,,,,,,,,,,,,,,,,,,,,,,,,,,,,,,,,,,,,,,,,,,,,,,,,,,,,,,"A regularly maintained Aqufuct, which is necessary for delivery of clean water to local communities, should not be denied. ",1,1,3,3,,,,,,2,2,2,1,59,1,1,English,0,None,100%,2,,4,1,2,NA,Na,67ae751c82b60f49959585ef
2/16/25 18:46,2/16/25 18:55,0,172.56.32.42,100,571,1,2/16/25 18:55,R_5cSxb6HtjCqSXws,,,,,38.9034,-76.9882,anonymous,EN,1,2/16/25,678e9e71e86387f62a304577,3,,,,,,,,,,,,,,,,,,,"A culture good enough to be preserved is important for uniting people as one , so that the elders will always have the right to share their knowledge down to generations ",Always,1,5,3,5,,,,,,,,,,,,,,,,,,,,,,,,,,,,,,,,,,,,,,,,,,,,,,,,,,,,,,,,,,,,,,,,,,,,,,,,,,,,,,,,,,,,,,2,2,1,1,35,1,1,English,0,"1. 21years
2. once a month",98%,2,,4,1,2,NA,NA,678e9e71e86387f62a304577
2/16/25 18:47,2/16/25 18:56,0,71.192.123.1,100,528,1,2/16/25 18:56,R_74C19nWRaR8KPmj,,,,,42.3268,-71.1341,anonymous,EN,1,16-Feb,66734ebf5b2965777d3305fe,3,,,,,,,,,,,,,,,,,,,,,,,,,,,,,,,,,,,,,,,,,,,,,,,,,,,,,,,High-quality honey requires a regularly cleaned beehive.,2,4,1,5,,,,,,,,,,,,,,,,,,,,,,,,,,,,,,,,,,,,,,,,,,,,,,,,,,,2,2,1,1,56,4,1,English,0,0,100,2,,4,1,2,NA,NA,66734ebf5b2965777d3305fe
2/16/25 18:50,2/16/25 18:56,0,172.58.255.118,100,338,1,2/16/25 18:56,R_105ygARxXemdBIw,,,,,35.7919,-78.6541,anonymous,EN,1,2/16/25,6784031c243eddd70825f21e,3,,,,,,,,,,,,,,,,,,,Culture is important for the community to pass down for generations. ,Always,2,5,2,5,,,,,,,,,,,,,,,,,,,,,,,,,,,,,,,,,,,,,,,,,,,,,,,,,,,,,,,,,,,,,,,,,,,,,,,,,,,,,,,,,,,,,,2,2,1,2,35,2,1,English ,0,None,100%,2,,4,1,2,NA,Na,6784031c243eddd70825f21e
2/16/25 18:49,2/16/25 18:56,0,69.73.49.128,100,469,1,2/16/25 18:56,R_331PLeLjj3GbFmE,,,,,30.1999,-85.8122,anonymous,EN,1,2/16/25,67ad6dc87d941888eddf065b,3,,,,,,,It is vital for farmers to upkeep their fruit farm for the communities consumption. ,Not Always,2,5,2,2,,,,,,,,,,,,,,,,,,,,,,,,,,,,,,,,,,,,,,,,,,,,,,,,,,,,,,,,,,,,,,,,,,,,,,,,,,,,,,,,,,,,,,,,,,,,,,,,,,2,2,1,2,21,1,1,English,0,None,100%,2,,4,1,2,NA,NA,67ad6dc87d941888eddf065b
2/16/25 18:46,2/16/25 18:57,0,50.46.11.124,100,630,1,2/16/25 18:57,R_3Va6VCyr2qEluGk,,,,,48.5274,-122.2329,anonymous,EN,1,2/16/25,5c5f38037676860001000edb,3,,,,,,,,,,,,,,,,,,,,,,,,,,,,,,,,,,,,,,,,,,,,,,,,,,,,,,,,,,,,,,,,,,,,,,Individuals access to essential provisions of a well supplied food reserve must not be denied to assure food security.,2,5,3,5,,,,,,,,,,,,,,,,,,,,,,,,,,,,,,,,,,,,2,2,2,2,59,3,1,English,0,none,100%,2,,4,1,2,NA,NA,5c5f38037676860001000edb
2/16/25 18:50,2/16/25 18:57,0,99.15.112.78,100,441,1,2/16/25 18:57,R_5PzpOojMmgR97bb,,,,,36.0048,-86.7886,anonymous,EN,1,2/16/25,67acea9a6e1b27ca47ae482b,3,,,,,,,,,,,,,,,,,,,,,,,,,,,,,,,,,,,,,Making sure roads are proper and open will ensure the supply chain is not interrupted. ,Not Always,2,6,3,3,,,,,,,,,,,,,,,,,,,,,,,,,,,,,,,,,,,,,,,,,,,,,,,,,,,,,,,,,,,,,,,,,,,,2,2,1,2,37,1,1,English ,0,None,Na,2,,4,1,2,Na,Na,67acea9a6e1b27ca47ae482b
2/16/25 18:53,2/16/25 18:57,0,168.93.16.203,100,240,1,2/16/25 18:57,R_5LUPhrqR4GdBXWl,,,,,30.0409,-95.5302,anonymous,EN,1,2/16/25,60ff1017a8112977636bed16,3,,,,,,,,,,,,,,,,,,,,,,,,,,,,,,,,,,,,,,,,,,,,,,,,,,,,,,,,,,,,,,,,,,,,,,,,,,,A well functioning lighthouse is necessary to guide sailors ,2,7,1,5,,,,,,,,,,,,,,,,,,,,,,,,,,,,,,,2,2,1,1,34,1,1,English ,0,0,100,2,,4,1,2,Na,Na,60ff1017a8112977636bed16
2/16/25 18:48,2/16/25 18:57,0,216.247.219.3,100,565,1,2/16/25 18:57,R_1F1Wu5AOh3GomWb,,,,,33.317,-101.7241,anonymous,EN,1,2/16/25,67ad676cfb4dcba85711ef33,3,,,,,,,,,,,,,"A well built fire, which is something you need to survive severe weather,  the skill for people to create heat and to cook food, should not be refused.",Always,2,3,1,5,,,,,,,,,,,,,,,,,,,,,,,,,,,,,,,,,,,,,,,,,,,,,,,,,,,,,,,,,,,,,,,,,,,,,,,,,,,,,,,,,,,,,,,,,,,,2,2,1,2,26,1,1,English,0,0,100,2,,4,1,2,Na,Na,67ad676cfb4dcba85711ef33
2/16/25 18:52,2/16/25 18:58,0,151.204.193.103,100,340,1,2/16/25 18:58,R_31F0Bzr4Urt7Zuy,,,,,40.8931,-74.5818,anonymous,EN,1,2/16/25,66952f0da97854326181d59e,3,,,,,,,,,,,,,,,,,,,,,,,,,,,,,,,,,,,,,,,,,,,,,,,,,,,,,,,Hive-owners must reserve rights to maintain and harvest colonies without restrictions to allow for regularly cleaned beehives which produce high-quality honey. ,2,5,1,5,,,,,,,,,,,,,,,,,,,,,,,,,,,,,,,,,,,,,,,,,,,,,,,,,,,2,2,1,2,26,1,1,English,0,"Spanish, 13, very rarely ",English- 100,2,,4,1,2,NA,NA,66952f0da97854326181d59e
2/16/25 18:52,2/16/25 18:58,0,68.191.46.149,100,327,1,2/16/25 18:58,R_5IWb6oY5VB1NYC0,,,,,41.3326,-73.2073,anonymous,EN,1,Feb 16 2025,5b75ee8a6929df00010b0d7d,3,,,,,,,,,,,,,,,,,,,,,,,,,Do not impede expert engineers as they repair and reinforce the dam.,Always,2,6,3,2,,,,,,,,,,,,,,,,,,,,,,,,,,,,,,,,,,,,,,,,,,,,,,,,,,,,,,,,,,,,,,,,,,,,,,,,,,,,,,,,2,2,1,2,35,1,1,English,0,None,100%,2,,4,2,1,NA,NA,5b75ee8a6929df00010b0d7d
2/16/25 18:45,2/16/25 18:58,0,70.179.142.245,100,787,1,2/16/25 18:58,R_5MKBzuwL9a1FImS,,,,,37.6624,-97.3156,anonymous,EN,1,2/16/25,675f75001b7b263317589521,3,,,,,,,,,,,,,,,,,,,,,,,,,,,,,,,,,,,,,,,,,,,,,,,,,,,,,,,,,,,,,,,,,,,,,,,,,,,It is necessary to have a lighthouse that functions properly so that sailors can safely navigate and reach the shore. This should never be neglected.,2,6,3,3,,,,,,,,,,,,,,,,,,,,,,,,,,,,,,,2,2,1,2,53,1,1,english,0,none,100%,2,,4,1,2,NA,NA,675f75001b7b263317589521
2/16/25 18:52,2/16/25 18:58,0,75.236.54.59,100,393,1,2/16/25 18:58,R_6S5YgZ2XOECERq0,,,,,36.0383,-115.1446,anonymous,EN,1,2/16/25,66744822576b11d40628191b,3,,,,,,,,,,,,,,,,,,,,,,,,,,,,,,,,,,,,,,,,,,,,,,,,,,,,,,,,,,,,,,,,,All individuals have the right to shelter in extreme conditions.,2,7,3,2,,,,,,,,,,,,,,,,,,,,,,,,,,,,,,,,,,,,,,,,,2,2,1,2,41,1,1,English,0,None,100%,2,,4,1,2,NA,"This was interesting, I would have never thought of the sentences in the other ways that were presented vs what I initially read it as.",66744822576b11d40628191b
2/16/25 18:46,2/16/25 18:59,0,69.202.135.31,100,784,1,2/16/25 18:59,R_7U3LtsABqnOE3Yn,,,,,40.8527,-73.9383,anonymous,EN,1,2/16/25,632d575fb9a661c22efab513,3,,,,,,,,,,,,,,,,,,,,,,,,,,,,,,,,,,,,,,,,,,,,,,,,,,,,,,,,,,,,,,,,,,,,,,,,,,,,,,,,,,,,,,,,,,,,,,,"A neat library that is being needed for the education of Motivated students, the right of students to access and study materials, much not be limited.",1,7,3,3,,,,,,,,,,,2,2,1,1,34,2,1,English,age 3 of learning English.,Spanish of being in the Dominican Republic at age 4,I use English almost all the same.,2,,4,1,2,NA,NA,632d575fb9a661c22efab513
2/16/25 18:50,2/16/25 18:59,0,47.177.10.147,100,520,1,2/16/25 18:59,R_77pidPxkRtLCSOZ,,,,,33.707,-117.0845,anonymous,EN,1,2/16/25,66b3f6be51a31f79ebc6687b,3,,,,,,,Do not disrupt the orchard maintenance conducted by farmers. The fruit is a necessary part of the community food supply.,Always,2,6,1,2,,,,,,,,,,,,,,,,,,,,,,,,,,,,,,,,,,,,,,,,,,,,,,,,,,,,,,,,,,,,,,,,,,,,,,,,,,,,,,,,,,,,,,,,,,,,,,,,,,2,2,1,1,64,1,1,English,0,none,100%,2,,4,1,2,NA,NA,66b3f6be51a31f79ebc6687b
2/16/25 18:49,2/16/25 19:00,0,72.95.103.224,100,676,1,2/16/25 19:00,R_3vaBkMKxKyrYqYh,,,,,42.7345,-71.3245,anonymous,EN,1,2/16/25,67abf16fc4b77f9c45ef86a3,3,,,,,,,,,,,,,,,,,,,,,,,,,,,,,,,,,,,,,,,,,,,"A sundial should be used to track and measure time, and not be played with unnecessarily.",Always,2,3,1,3,,,,,,,,,,,,,,,,,,,,,,,,,,,,,,,,,,,,,,,,,,,,,,,,,,,,,,,,,,,,,,2,2,1,2,33,1,1,English,0,N/A,100%,2,,4,2,2,N/A,N/A,67abf16fc4b77f9c45ef86a3
2/16/25 18:49,2/16/25 19:00,0,68.92.100.201,100,642,1,2/16/25 19:00,R_6KR2VvjObalSRrj,,,,,31.5791,-84.2138,anonymous,EN,1,2/16/25,656de95d96d9c1b0bfa2ba83,3,,,,,,,,,,,,,,,,,,,,,,,,,,,,,,,,,,,,,,,,,,,,,,,,,,,,,,,,,,,,,,,,,,,,,,Food security means you can have access to food when needed from a great supply that is in stock.,2,6,3,6,,,,,,,,,,,,,,,,,,,,,,,,,,,,,,,,,,,,2,2,2,2,72,2,1,English,0,0,100,2,,4,1,2,NA,no,656de95d96d9c1b0bfa2ba83
2/16/25 18:48,2/16/25 19:01,0,172.56.3.60,100,784,1,2/16/25 19:01,R_5OvAWsDDJHK6vFn,,,,,39.0157,-77.0085,anonymous,EN,1,2/16/25,6784b30f53480442d02d21b8,3,,,,,,,,,,,,,,,,,,,,,,,,,,,,,,,,,,,,,,,,,,,,,,,,,,,,,,,,,,,,,,,,,,,,,,,,,,,,,,,,,,,,,,,,,,,,,,,,,,,,,,,,,A carefully placed weather vane is necessary for the prediction of shifting winds and so meteorologist can monitor weather conditions so it shouldn't be constrained. ,2,5,1,1,2,2,2,2,53,2,1,English ,0,N/a,100%,2,,4,1,2,Na,Na,6784b30f53480442d02d21b8
2/16/25 18:54,2/16/25 19:01,0,35.146.241.115,100,452,1,2/16/25 19:01,R_5KmaG7Z3cCLxXdH,,,,,29.5654,-98.2245,anonymous,EN,1,2/16/25,6738e6272f20af56c0e2023b,3,,,,,,,,,,,,,,,,,,,,,,,,,,,,,,,,,,,,,,,,,,,,,,,,,,,,,,,,,,,,A telescope that is set correctly is needed for researching astronomics & gathering data must not be stopped.,2,6,3,4,,,,,,,,,,,,,,,,,,,,,,,,,,,,,,,,,,,,,,,,,,,,,,2,2,1,2,47,1,1,English,0,none,100%,2,,4,1,2,NA,NA,6738e6272f20af56c0e2023b
2/16/25 18:43,2/16/25 19:02,0,107.130.25.20,100,1105,1,2/16/25 19:02,R_13ZRNAdZcxuAgtZ,,,,,28.4538,-81.4674,anonymous,EN,1,2/16/25,5c20565870d93a00011f9153,3,,,,,,,,,,,,,,,,,,,,,,,,,,,,,,,,,,,,,,,,,,,,,,,,,,,,,,,,,,,,,,,,,People need to build safe shelter to protect themselves and others.,2,5,1,5,,,,,,,,,,,,,,,,,,,,,,,,,,,,,,,,,,,,,,,,,2,2,1,1,55,2,1,English,0,None,100%,2,,4,1,2,NA,NA,5c20565870d93a00011f9153
2/16/25 18:57,2/16/25 19:02,0,174.227.83.117,100,300,1,2/16/25 19:02,R_5oQToeREGRG2Wbc,,,,,34.0456,-118.2694,anonymous,EN,1,2/16/25,5bb58e338f3bd70001e5df57,3,,,,,,,,,,,,,,,,,,,,,,,,,,,,,,,,,,,,,,,,,,,,,,,,,,,,,,,,,,,,,,,,,,,,,,,,,,,,,,,,,,,,,"being necessary for the survival of stranded travelers, a well-insulated shelter should not be denied the right of individuals to seek and maintain refuge",2,5,3,3,,,,,,,,,,,,,,,,,,,,,2,2,1,1,47,1,1,english,0,none,100%,2,,4,1,2,NA,NA,5bb58e338f3bd70001e5df57
2/16/25 18:54,2/16/25 19:03,0,74.215.202.61,100,536,1,2/16/25 19:03,R_5fOgZcNjLV1ej4Q,,,,,39.4025,-84.522,anonymous,EN,1,2/16/25,6698562e44e4613d7e01dd9f,3,,,,,,,,,,,,,"A strategically built fire gives individuals the ability to generate warmth, prepare food, and is necessary for survival in harsh climates. ",Always,2,4,3,5,,,,,,,,,,,,,,,,,,,,,,,,,,,,,,,,,,,,,,,,,,,,,,,,,,,,,,,,,,,,,,,,,,,,,,,,,,,,,,,,,,,,,,,,,,,,2,2,1,2,50,1,1,English,0,none,100%,2,,4,1,2,na,na,6698562e44e4613d7e01dd9f
2/16/25 18:53,2/16/25 19:03,0,45.47.240.63,100,587,1,2/16/25 19:03,R_5wm93e7pvE4Hmp3,,,,,42.1471,-75.8816,anonymous,EN,1,2/16/25,611ef268c52ff16f704cebd2,3,,,,,,,,,,,,,,,,,,,,,,,,,,,,,,,,,,,,,,,,,,,,,,,,,,,,,,,,,,,,,,,,,,,,,,,,,,,,,,,,,,,,,,,,,,A consistently monitored weather station must not be restricted since it predicts dangerous storms and it is the access point to all vital weather information.,2,6,3,3,,,,,,,,,,,,,,,,2,2,1,2,26,1,1,English,0,American Sign Language,85,2,,4,1,2,NA,NA,611ef268c52ff16f704cebd2
2/16/25 18:53,2/16/25 19:03,0,161.8.163.228,100,590,1,2/16/25 19:03,R_5DtFWeWoirPR0Vr,,,,,37.751,-97.822,anonymous,EN,1,2/17/25,67ad0cc9f3a3feb73e22852d,3,,,,,,,,,,,,,,,,,,,,,,,,,,,,,,,,,,,,,,,,,,,,,,,,,"To keep great art safe and share it with everyone, we need to support the people who 
 take it up to themselves to care for it.",Not  Always,2,7,1,7,,,,,,,,,,,,,,,,,,,,,,,,,,,,,,,,,,,,,,,,,,,,,,,,,,,,,,,,2,2,1,2,22,1,1,English,0,None,100%,2,,4,1,2,NA,NA,67ad0cc9f3a3feb73e22852d
2/16/25 18:57,2/16/25 19:03,0,68.4.5.138,100,356,1,2/16/25 19:03,R_7LLSS410VINZySd,,,,,33.6128,-117.6622,anonymous,EN,1,2/16//25,5f13863cc6197238777ba81e,3,,,,,,,,,,,,,,,,,,,,,,,,,,,,,,,,,,,,,,,,,,,,,,,,,,,,,,,,,,,,,,,,,,,,,,,,,,,,,,,,,,,,,,,,,,,,,,,,,,,,Communities have the right to clean water delivered by aqueduct,2,5,1,3,,,,,,2,2,1,1,40,6,1,English,0,"Spanish, 4 / 25",75,2,,1,1,2,NA,NA,5f13863cc6197238777ba81e
2/16/25 18:51,2/16/25 19:04,0,73.216.102.36,100,768,1,2/16/25 19:04,R_616q6K0gek3oWI6,,,,,39.1876,-78.1857,anonymous,EN,1,2/16/25,66bd588d1e393c5c554fe1b7,3,,,,,,,,,,,,,,,,,,,,,,,,,,,,,,,,,,,,,,,,,,,,,,,,,,,,,,,,,,,,,,,,,,,,,,,,,,,,,,,,"The ability for botanists to study and cultivate species, a thoughtfully designed garden must not be impeded.",2,6,3,2,,,,,,,,,,,,,,,,,,,,,,,,,,2,2,1,1,32,1,1,English ,0,0,100%,2,,4,1,2,NA,Great study!,66bd588d1e393c5c554fe1b7
2/16/25 18:55,2/16/25 19:04,0,65.130.230.138,100,567,1,2/16/25 19:04,R_7uQFluCJVYfv4WK,,,,,40.6236,-111.9679,anonymous,EN,1,2/16/25,664d007ffa79b991ebfea9db,3,,,,,,,,,,,,,,,,,,,,,,,,,,,,,,,"A marketplace is vital for the exchange of goods and services; thus, it should not be hindered or overly regulated.",Ambiguous,2,6,2,2,,,,,,,,,,,,,,,,,,,,,,,,,,,,,,,,,,,,,,,,,,,,,,,,,,,,,,,,,,,,,,,,,,,,,,,,,,2,2,1,2,23,1,1,English,0,None,100%,2,,4,1,2,NA,NA,664d007ffa79b991ebfea9db
2/16/25 18:53,2/16/25 19:04,0,73.41.237.175,100,711,1,2/16/25 19:04,R_5nF239bHGpCpj3j,,,,,37.2972,-120.4639,anonymous,EN,1,2/16/25,65cafc044dad581868f41740,3,,,,,,,,,,,,,,,,,,,,,,,,,,,,,,,,,,,,,,,,,,,,,,,,,,,,,,,,,,,,,,,,,,,,,,,,,,,,,,,,,,,,,,,,,,,,,,,A well-organized library is necessry for eager students education and for the right of learners to access study materials as well as it not being restricted.,2,7,1,5,,,,,,,,,,,2,2,1,2,32,2,1,English,1,N/A,100%,2,,4,1,2,N/A,N/A,65cafc044dad581868f41740
2/16/25 18:58,2/16/25 19:05,0,76.121.56.109,100,388,1,2/16/25 19:05,R_6wFxQZnOG4QEuZz,,,,,47.8948,-122.2031,anonymous,EN,1,2/16/25,6604918d733e69086005705f,3,,,,,,,,,,,,,,,,,,,,,,,,,,,,,,,,,,,,,,,,,,,Keeping a precise sundial is necessary for tracking time.,Not Always,2,3,1,2,,,,,,,,,,,,,,,,,,,,,,,,,,,,,,,,,,,,,,,,,,,,,,,,,,,,,,,,,,,,,,2,2,1,2,49,4,1,English,0,None,100%,2,,4,1,2,NA,NA,6604918d733e69086005705f
2/16/25 18:57,2/16/25 19:05,0,173.24.123.217,100,452,1,2/16/25 19:05,R_6rBvnGYXV1JRUka,,,,,41.7136,-93.6221,anonymous,EN,1,2/16/25,6717f118f148b7f16572a789,3,,,,,,,,,,,,,,,,,,,,,,,,,,,,,,,,,,,,,,,,,,,,,,,,,,,,,,,,,,,,,,,,,,,,,,,,,,,,,,,,,,,,,,,,,,,,,,,,,,,,,,,,,It shouldnt be hard for the weatherman to monitor and report the weather conditions because of the monitoring equipment they are using. ,2,3,3,3,2,2,1,2,34,1,1,English ,0,Just English ,100%,2,,4,1,2,NA,NA,6717f118f148b7f16572a789
2/16/25 19:01,2/16/25 19:06,0,76.84.37.87,100,270,1,2/16/25 19:06,R_7dnhh5vtCqIhUcB,,,,,40.7869,-96.6962,anonymous,EN,1,2/16/25,5484949efdf99b0379939cc6,3,,,,,,,,,,,,,,,,,,,,,,,,,Building a good dam for flood prevention must not be stopped.,Ambiguous,2,5,3,3,,,,,,,,,,,,,,,,,,,,,,,,,,,,,,,,,,,,,,,,,,,,,,,,,,,,,,,,,,,,,,,,,,,,,,,,,,,,,,,,2,2,1,1,40,1,1,English,0,None,100%,2,,4,1,2,NA,NA,5484949efdf99b0379939cc6
2/16/25 18:57,2/16/25 19:06,0,108.92.163.193,100,485,1,2/16/25 19:06,R_5Du0Zfxp7qM6WXJ,,,,,34.0344,-84.6002,anonymous,EN,1,2/16/25,63af62a1d6cc4166b7a6e646,3,,,,,,,,,,,,,,,,,,,,,,,,,,,,,,,,,,,,,,,,,,,A precisely calibrated sundial should not be interfered with because it's necessary for timekeeping.,Not Always,2,6,3,3,,,,,,,,,,,,,,,,,,,,,,,,,,,,,,,,,,,,,,,,,,,,,,,,,,,,,,,,,,,,,,2,2,1,2,68,1,1,English,0,none,100%,2,,4,1,2,NA,NA,63af62a1d6cc4166b7a6e646
2/16/25 18:56,2/16/25 19:06,0,24.245.137.139,100,591,1,2/16/25 19:06,R_7rrGfKZHzxCUhTI,,,,,33.4085,-94.1819,anonymous,EN,1,2/16/25,665646f8255ae91eecc6d08c,3,"A well-kept archive is crucial for maintaining history, and people should have the right to access and keeps records freely ",Ambiguous,2,4,3,6,,,,,,,,,,,,,,,,,,,,,,,,,,,,,,,,,,,,,,,,,,,,,,,,,,,,,,,,,,,,,,,,,,,,,,,,,,,,,,,,,,,,,,,,,,,,,,,,,,,,,,,,2,2,1,2,21,2,1,English,5,n/a,100%,2,,4,1,2,na,na,665646f8255ae91eecc6d08c
2/16/25 18:57,2/16/25 19:07,0,24.116.35.45,100,567,1,2/16/25 19:07,R_63eOywme99bbWOv,,,,,43.5553,-111.8922,anonymous,EN,1,2/16/25,65d966630f28e942c3d118f8,3,,,,,,,,,,,,,,,,,,,,,,,,,,,,,,,,,,,,,A road that is well made should be maintained as it is important for both traveling and transporting goods.,Not Always,2,6,3,5,,,,,,,,,,,,,,,,,,,,,,,,,,,,,,,,,,,,,,,,,,,,,,,,,,,,,,,,,,,,,,,,,,,,2,2,1,2,32,1,1,English,0,None,100%,2,,4,1,2,NA,NA,65d966630f28e942c3d118f8
2/16/25 19:01,2/16/25 19:07,0,172.59.226.30,100,348,1,2/16/25 19:07,R_1Wj4urYR0yWgjVn,,,,,39.6876,-104.9103,anonymous,EN,1,2/16/25,67ad56ebda8ab6b3b3decc7f,3,,,,,,,,,,,,,,,,,,,,,,,,,,,,,,,,,,,,,,,,,,,,,,,,,,,,,,,,,,,,,,,,,,,,,,"The access of individuals to a well-supplied food reserve, which is necessary for food security, must not be denied.",2,6,1,6,,,,,,,,,,,,,,,,,,,,,,,,,,,,,,,,,,,,2,2,2,2,31,1,1,English,0,n/a,100%,2,,4,1,2,NA,NA,67ad56ebda8ab6b3b3decc7f
2/16/25 18:59,2/16/25 19:08,0,65.182.239.30,100,508,1,2/16/25 19:08,R_55ua2sDERGvpijt,,,,,45.2525,-122.6824,anonymous,EN,1,2/16/25,668b3d959d20b42404b61404,3,,,,,,,,,,,,,,,,,,,,,,,,,,,,,,,,,,,,,,,,,,,,,,,,,,,,,,,,,,,,,,,,,,,,,,,,,,,,,,,,,,,,,,,,,,,,,,,,,,,,,,,,,Properly placed weathervanes are necessary for the prediction of shifting winds along with not constraining the ability of meteorologists to monitor weather conditions.,2,3,1,5,2,2,1,1,43,1,1,English ,0,None ,100%,2,,4,1,2,NA,NA,668b3d959d20b42404b61404
2/16/25 19:04,2/16/25 19:08,0,73.93.34.127,100,238,1,2/16/25 19:08,R_50Pt8X8txSt2e8T,,,,,37.4651,-122.143,anonymous,EN,1,2/16/25,650d90ebf26334f992c31579,3,,,,,,,,,,,,,,,,,,,,,,,,,,,,,,,,,,,,,,,,,,,,,,,,,,,,,,,,,,,,,,,,,,,,,,,,,,,"For safety reasons, lighthouses must be keep maintained ",2,7,2,5,,,,,,,,,,,,,,,,,,,,,,,,,,,,,,,2,2,2,1,42,6,1,English,5,Spanish,70,2,,4,1,2,NA,I enjoyed the study,650d90ebf26334f992c31579
2/16/25 19:04,2/16/25 19:08,0,47.211.132.40,100,223,1,2/16/25 19:08,R_1EHthnNQ0eLk4uq,,,,,31.2232,-92.3203,anonymous,EN,1,2/16/25,63d7c04f8564f5fa3b1dcd17,3,,,,,,,,,,,,,,,,,,,,,,,,,,,,,,,,,,,,,A road for commerce should not be blocked.,Not Always,2,5,1,3,,,,,,,,,,,,,,,,,,,,,,,,,,,,,,,,,,,,,,,,,,,,,,,,,,,,,,,,,,,,,,,,,,,,2,2,1,1,28,1,1,English,0,"Korean, 25, Weekly",95,2,,4,1,2,NA,NA,63d7c04f8564f5fa3b1dcd17
2/16/25 19:00,2/16/25 19:08,0,73.32.83.67,100,452,1,2/16/25 19:08,R_6fEGxvmMQ0Vrqa5,,,,,29.7008,-95.1961,anonymous,EN,1,2/16/25,668df2df62a5eb1efb228cf5,3,,,,,,,,,,,,,,,,,,,,,,,,,,,,,,,,,,,,,,,,,,,,,,,,,Curators that preserve artistic master pieces that are significant to a culture's heritage is something that should be praised.,Ambiguous,2,6,3,2,,,,,,,,,,,,,,,,,,,,,,,,,,,,,,,,,,,,,,,,,,,,,,,,,,,,,,,,2,2,1,1,22,3,1,Spanish,1,2,90,2,,4,1,2,NA,NA,668df2df62a5eb1efb228cf5
2/16/25 19:03,2/16/25 19:08,0,38.39.5.134,100,322,1,2/16/25 19:08,R_6KV1SsBz0WA7oEV,,,,,34.3625,-89.5273,anonymous,EN,1,16-Feb-25,6789dc31672d7341ef3acadf,3,,,,,,,,,,,,,,,,,,,,,,,,,,,,,,,,,,,,,,,,,,,,,,,,,,,,,,,,,,,,"A telescope that is necessary for advancing science, must be stopped. ",2,5,3,6,,,,,,,,,,,,,,,,,,,,,,,,,,,,,,,,,,,,,,,,,,,,,,2,2,1,2,20,1,1,English,0,none ,100%,2,,4,1,2,NA,NA,6789dc31672d7341ef3acadf
2/16/25 19:03,2/16/25 19:08,0,35.144.68.171,100,285,1,2/16/25 19:08,R_6JRDOd4qBbQRpx3,,,,,38.662,-90.2889,anonymous,EN,1,2/16/25,6431fa7dd113eda38603cabc,3,,,,,,,,,,,,,,,,,,,,,,,,,,,,,,,,,,,,,,,,,,,,,,,,,,,,,,,,,,,,,,,,,,,,,,,,,,,,,,,,,,,,,A well protected shelter should be necessary for those seeking refuge and without denial. ,2,6,1,1,,,,,,,,,,,,,,,,,,,,,2,2,1,1,25,4,1,English,0,"I was only taught English growing up. However, my parents spoke filipino. I was never formally taught the language and I never gave the time or effort to do so. However, I believe the fact that my parents spoke filipino most of my childhood had an impact on my language development. ",I only speak English.,2,,4,1,2,NA,NA,6431fa7dd113eda38603cabc
2/16/25 19:03,2/16/25 19:09,0,73.2.180.193,100,344,1,2/16/25 19:09,R_6jd4U2h1IIf07T3,,,,,32.3204,-90.2465,anonymous,EN,1,2/16/25,6670d80e8898f23362c7ad0e,3,,,,,,,,,,,,,,,,,,,,,,,,,,,,,,,,,,,,,,,,,,,,,,,,,,,,,,,,,,,,,,,,,,,,,,,,,,,,,,,,,,,,,,,,,,,,,,,"In order to improve the education of the students, the library must remain organized and readily available.",2,7,3,5,,,,,,,,,,,2,2,1,2,21,2,1,English,0,NA,100,2,,4,1,2,NA,NA,6670d80e8898f23362c7ad0e
2/16/25 19:01,2/16/25 19:09,0,172.56.105.64,100,474,1,2/16/25 19:09,R_1rBN6uiIbjIxMf8,,,,,47.5364,-122.278,anonymous,EN,1,021625,5bf87b7668eda600012c5a11,3,,,,,,,,,,,,,,,,,,,,,,,,,,,,,,,,,,,,,,,,,,,,,,,,,,,,,,,,,,,,,,,,,"Appropriate, safe housing to shelter from the elements and feel safe in is a must. ",1,7,1,1,,,,,,,,,,,,,,,,,,,,,,,,,,,,,,,,,,,,,,,,,2,2,1,2,35,1,1,English ,0,"Spanish - age 0. I use for simple, straightforward interactions with Spanish speakers but I am not fluent. ",99%,2,,4,1,1,NA,NA,5bf87b7668eda600012c5a11
2/16/25 19:07,2/16/25 19:10,0,35.144.76.12,100,188,1,2/16/25 19:10,R_6VYNzyfGO21DpgR,,,,,38.4998,-90.465,anonymous,EN,1,2/16/25,581b738a930a280001062c6a,3,,,,,,,,,,,,,,,,,,,Cultural traditions passed down through generations will never disappear. ,Ambiguous,2,6,1,2,,,,,,,,,,,,,,,,,,,,,,,,,,,,,,,,,,,,,,,,,,,,,,,,,,,,,,,,,,,,,,,,,,,,,,,,,,,,,,,,,,,,,,2,2,1,2,38,1,1,English,0,None,100%,2,,4,1,2,NA,Na,581b738a930a280001062c6a
2/16/25 19:06,2/16/25 19:10,0,24.14.232.253,100,291,1,2/16/25 19:10,R_7cuZVcFx9cNjjQf,,,,,41.8783,-87.6907,anonymous,EN,1,2/16/25,666dcf9e65e2ab4ebd4cf32d,3,,,,,,,,,,,,,,,,,,,,,,,,,,,,,,,,,,,,,"Due to its necessity for trade, travel, and the ability of merchants and travelers to move goods, a road should be well paved and not obstructed.",Not Always,2,5,1,2,,,,,,,,,,,,,,,,,,,,,,,,,,,,,,,,,,,,,,,,,,,,,,,,,,,,,,,,,,,,,,,,,,,,2,2,1,3,24,1,1,English,0,"I know some Mandarin. I started learning when I was thirteen, and I use it somewhat frequently.",100%,2,,4,1,2,NA,NA,666dcf9e65e2ab4ebd4cf32d
2/16/25 19:04,2/16/25 19:11,0,174.107.177.3,100,398,1,2/16/25 19:11,R_5jpTCL0zB97eFBm,,,,,34.1847,-79.7704,anonymous,EN,1,2/16/25,5ef55b1c3395621b627d3ae9,3,,,,,,,,,,,,,Fire building is a survival skill everyone should know. ,Ambiguous,2,6,1,1,,,,,,,,,,,,,,,,,,,,,,,,,,,,,,,,,,,,,,,,,,,,,,,,,,,,,,,,,,,,,,,,,,,,,,,,,,,,,,,,,,,,,,,,,,,,2,2,1,2,55,1,1,English ,0,None,100,2,,4,1,2,NA,NA,5ef55b1c3395621b627d3ae9
2/16/25 19:05,2/16/25 19:11,0,70.95.22.45,100,323,1,2/16/25 19:11,R_7Fh5JYtw4KQeJ3j,,,,,32.9164,-117.1393,anonymous,EN,1,2/16/25,6459b8128544c7f22edba161,3,,,,,,,,,,,,,,,,,,,,,,,,,,,,,,,,,,,,,,,,,,,,,,,,,,,,,,,,,,,,,,,,,,,,,,,,,,,,,,,,,,,,,,,,,,,,,,,,,,,,,,,,,A well-placed weathervane helps meteorologists tell weather accurately.,2,6,3,6,2,2,1,1,36,1,1,English,0,None,100%,2,,4,1,2,NA,NA,6459b8128544c7f22edba161
2/16/25 19:05,2/16/25 19:11,0,68.81.204.122,100,371,1,2/16/25 19:11,R_5dneJfRKqcDbQIz,,,,,39.9597,-75.1995,anonymous,EN,1,2/16/25,5eecec23f0bc7e0bd9684089,3,,,,,,,,,,,,,,,,,,,,,,,,,,,,,,,,,,,,,,,,,,,,,,,,,,,,,,,We must not restrict hive-owners from maintaining their beehives.,2,5,3,2,,,,,,,,,,,,,,,,,,,,,,,,,,,,,,,,,,,,,,,,,,,,,,,,,,,2,2,1,2,28,1,1,English,0,None,100%,2,,4,1,2,NA,NA,5eecec23f0bc7e0bd9684089
2/16/25 19:04,2/16/25 19:11,0,75.209.167.58,100,391,1,2/16/25 19:11,R_1N1wZ3xcUZpPIPL,,,,,41.892,-87.6416,anonymous,EN,1,16-Feb-25,6645755c72f71662e832dfb8,3,,,,,,,,,,,,,,,,,,,,,,,,,,,,,,,,,,,,,,,,,,,,,,,,,,,,,,,,,,,,,,,,,,,,,,,,,,,,,,,,"It is important no one enter the garden, as it is designed to preserve rare plants and allow botanists to study and cultivate plant species.",2,1,1,6,,,,,,,,,,,,,,,,,,,,,,,,,,2,2,1,2,29,1,1,English,0,None,100%,2,,4,1,2,NA,NA,6645755c72f71662e832dfb8
2/16/25 19:05,2/16/25 19:11,0,98.97.19.4,100,387,1,2/16/25 19:11,R_1pfe2ixgeIXmFB1,,,,,40.7126,-74.0066,anonymous,EN,1,2/16/25,5c3ebb97b3369c0001a94fea,3,,,,,,,,,,,,,,,,,,,,,,,,,,,,,,,Properly organized marketplaces must not be restricted because they are necessary for economic exchange.,Always,2,6,2,5,,,,,,,,,,,,,,,,,,,,,,,,,,,,,,,,,,,,,,,,,,,,,,,,,,,,,,,,,,,,,,,,,,,,,,,,,,2,2,1,2,39,1,1,English,0,0,100%,2,,4,1,2,NA,NA,5c3ebb97b3369c0001a94fea
2/16/25 19:07,2/16/25 19:11,0,70.110.162.167,100,274,1,2/16/25 19:11,R_1pW4Ymveqmyn1Pt,,,,,39.7384,-75.6656,anonymous,EN,1,2/16/25,66953383fd8705b2cc307420,3,,,,,,,,,,,,,,,,,,,,,,,,,,,,,,,,,,,,,,,,,,,,,,,,,,,,,,,,,,,,,,,,,,,,,,A reserve of food for people that are in need should not be denied.,2,5,1,3,,,,,,,,,,,,,,,,,,,,,,,,,,,,,,,,,,,,2,2,1,1,21,1,1,English,0,None,100%,2,,4,1,2,NA,NA,66953383fd8705b2cc307420
2/16/25 19:05,2/16/25 19:11,0,98.237.121.207,100,368,1,2/16/25 19:11,R_7ZJLCZJuB5pMZ4E,,,,,39.9552,-76.6653,anonymous,EN,1,2/16/25,5baa42a9c0a8c000014bee5c,3,,,,,,,,,,,,,,,,,,,,,,,,,,,,,,,,,,,,,,,,,,,,,,,,,,,,,,,,,,,,,,,,,"In times of emergency, no one can be refused a safe place.",2,5,2,7,,,,,,,,,,,,,,,,,,,,,,,,,,,,,,,,,,,,,,,,,2,2,1,1,43,1,1,English,0,0,100,2,,4,1,2,NA,NA,5baa42a9c0a8c000014bee5c
2/16/25 19:06,2/16/25 19:12,0,172.58.117.98,100,365,1,2/16/25 19:12,R_59yzZB1SGEyFjZD,,,,,33.8405,-117.9526,anonymous,EN,1,2/16/25,63fac97f0d4e8f6bfd753d90,3,,,,,,,,,,,,,,,,,,,,,,,,,,,,,,,,,,,,,,,,,,,,,,,,,,,,,,,,,,,,,,,,,,,,,,,,,,,,,,,,,,,,,People have the right to stay in a well-insulated shelter for survival and these rights should be enforced.,2,6,3,6,,,,,,,,,,,,,,,,,,,,,2,2,1,4,30,"1,4",1,English,0,"Cantonese, 0, everyday",99 English 1 Cantonese,2,,4,1,2,NA,NA,63fac97f0d4e8f6bfd753d90
2/16/25 19:07,2/16/25 19:12,0,99.108.6.12,100,319,1,2/16/25 19:12,R_1zZbcoiU7mlvQpa,,,,,34.0389,-84.3826,anonymous,EN,1,02.16.25,67312febc8ddd7c30f6efef5,3,,,,,,,,,,,,,,,,,,,,,,,,,,,,,,,,,,,,,,,,,,,,,,,,,,,,,,,,,,,,,,,,,,,,,,,,,,,,,,,,,,,,,,,,,,,,,,,,,,,,a clean aqueduct for citizens' use should not be denied,2,6,3,6,,,,,,2,2,1,2,24,2,1,luganda ,3,luganda: age was birth and i use it everyday,90% i use english,2,,4,1,2,na,na,67312febc8ddd7c30f6efef5
2/16/25 19:05,2/16/25 19:13,0,68.55.49.188,100,442,1,2/16/25 19:13,R_5ROlMP6Zw5lscVz,,,,,42.4263,-82.9014,anonymous,EN,1,2/16/25,66908ff65ddbfd0995cd1a76,3,,,,,,,,,,,,,,,,,,,,,,,,,,,,,,,They donâ€™t want people to be limited in their ability to sell and trade goods. ,Always,2,7,1,1,,,,,,,,,,,,,,,,,,,,,,,,,,,,,,,,,,,,,,,,,,,,,,,,,,,,,,,,,,,,,,,,,,,,,,,,,,2,2,1,2,25,2,1,English,0,1,100%,2,,4,1,2,I was getting a little confused by the sentences at times. They felt like riddles. ,NA,66908ff65ddbfd0995cd1a76
2/16/25 19:10,2/16/25 19:14,0,128.61.58.151,100,247,1,2/16/25 19:14,R_7DqnzHC3C4XiwJg,,,,,33.7749,-84.3975,anonymous,EN,1,2/16/25,6783f1df9ab38bd4348b281a,3,,,,,,,,,,,,,,,,,,,,,,,,,The engineers' ability to repair and reinforce a well built dam doing its job should not be be interrupted.,Not Always,1,5,2,5,,,,,,,,,,,,,,,,,,,,,,,,,,,,,,,,,,,,,,,,,,,,,,,,,,,,,,,,,,,,,,,,,,,,,,,,,,,,,,,,2,2,1,1,19,4,1,English,0,"Chinese, 0, daily",80%,2,,4,1,2,NA,NA,6783f1df9ab38bd4348b281a
2/16/25 19:11,2/16/25 19:16,0,67.140.167.48,100,261,1,2/16/25 19:16,R_7khUFdX2wzJVGrA,,,,,40.2645,-75.8041,anonymous,EN,1,2/16/25,567744cb89319e001163d6a6,3,,,,,,,,,,,,,,,,,,,,,,,,,,,,,,,,,,,,,,,,,,,"I precisely calibrated sundial is necessary for people to keep, measure and track time, it should not be interfered with. ",Ambiguous,2,3,2,7,,,,,,,,,,,,,,,,,,,,,,,,,,,,,,,,,,,,,,,,,,,,,,,,,,,,,,,,,,,,,,2,2,1,1,40,1,1,English ,0,0,100,2,,4,1,2,Na ,Na,567744cb89319e001163d6a6
2/16/25 19:06,2/16/25 19:17,0,74.126.42.139,100,673,1,2/16/25 19:17,R_5ovTMj1UhBmu3qP,,,,,40.8017,-83.5105,anonymous,EN,1,2/16/25,67ad09020cbc78980883b40f,3,,,,,,,,,,,,,,,,,,,,,,,,,,,,,,,,,,,,,,,,,,,,,,,,,"A preserved artistic masterpiece is necessary for the transmission of cultural heritage, as much as the ability of curators to exhibit and safeguard it. ",Not always,2,6,1,3,,,,,,,,,,,,,,,,,,,,,,,,,,,,,,,,,,,,,,,,,,,,,,,,,,,,,,,,2,2,1,2,45,1,1,English,0,No other languages. ,100% english,2,,4,1,2,I have a hard time with brain fog so the sentence seemed too much above my intelligence ,N/A,67ad09020cbc78980883b40f
2/16/25 19:10,2/16/25 19:18,0,140.228.231.57,100,423,1,2/16/25 19:18,R_7eXquG8XxEQAr17,,,,,41.1314,-100.7751,anonymous,EN,1,2/16/25,67af7f76e1dcbbaaeefaa03d,3,,,,,,,,,,,,,,,,,,,,,,,,,,,,,,,,,,,,,,,,,,,,,,,,,,,,,,,,,,,,,,,,,,,,,,,,,,,,,,,,Botanists should be supported and not interfered with in order to research and grow rare plants,2,5,2,2,,,,,,,,,,,,,,,,,,,,,,,,,,2,2,1,2,29,1,1,English ,0,None,100%,2,,4,1,2,No,NA,67af7f76e1dcbbaaeefaa03d
2/16/25 19:13,2/16/25 19:18,0,45.24.178.28,100,248,1,2/16/25 19:18,R_60lS04jb1rgPKNP,,,,,35.6211,-97.4757,anonymous,EN,1,2/16/24,65ede6b8d079917c5421785e,3,,,,,,,,,,,,,,,,,,,,,,,,,,,,,,,,,,,,,,,,,,,,,,,,,,,,,,,,,,,,,,,,,,,,,,,,,,,,,,,,,,,,,,,,,,,,,,,Students must have access to a well organized library to access materials and learn.,2,6,3,5,,,,,,,,,,,2,2,2,2,40,1,1,English,0,None,100%,2,,4,1,2,NA,NA,65ede6b8d079917c5421785e
2/16/25 19:14,2/16/25 19:18,0,172.59.228.115,100,271,1,2/16/25 19:18,R_1CqbXpv7BQVerIt,,,,,39.6814,-104.8837,anonymous,EN,1,2/16/25,5f9b15889c51902ece84d3e7,3,Historical records must be readily accessible to individuals.,always,2,5,3,3,,,,,,,,,,,,,,,,,,,,,,,,,,,,,,,,,,,,,,,,,,,,,,,,,,,,,,,,,,,,,,,,,,,,,,,,,,,,,,,,,,,,,,,,,,,,,,,,,,,,,,,,2,2,1,2,36,1,1,English,0,None,100%,2,,4,1,2,NA,NA,5f9b15889c51902ece84d3e7
2/16/25 19:06,2/16/25 19:19,0,172.59.109.55,100,811,1,2/16/25 19:19,R_1PtLhMyBRTW2Dea,,,,,29.9317,-90.1026,anonymous,EN,1,2/16/25,5bf311373a5bf00001401f64,3,,,,,,,,,,,,,,,,,,,,,,,,,,,,,,,,,,,,,,,,,,,,,,,,,,,,,,,,,,,,,,,,,,,,,,,,,,,A well-functioning lighthouse is necessary for maritime safety and guidance for sailors to navigate and reach shore and should not be neglected.,1,6,3,6,,,,,,,,,,,,,,,,,,,,,,,,,,,,,,,2,2,1,1,39,2,1,English,0,0,100,2,,4,1,2,NA,NA,5bf311373a5bf00001401f64
2/16/25 19:15,2/16/25 19:21,0,12.16.99.46,100,360,1,2/16/25 19:21,R_6HLJfQ0T4XZQsJd,,,,,35.1661,-120.4651,anonymous,EN,1,2/16/25,67ad3670f25e2d9b8444a6ac,3,,,,,,,,,,,,,In order to survive weather we must build a fire,Not Always,2,3,1,5,,,,,,,,,,,,,,,,,,,,,,,,,,,,,,,,,,,,,,,,,,,,,,,,,,,,,,,,,,,,,,,,,,,,,,,,,,,,,,,,,,,,,,,,,,,,2,2,1,2,45,1,1,English,0,0,100%,2,,4,1,2,Na,Na,67ad3670f25e2d9b8444a6ac
2/16/25 19:18,2/16/25 19:21,0,50.29.233.30,100,220,1,2/16/25 19:21,R_5PY16NLvs4g5ied,,,,,41.1988,-75.9053,anonymous,EN,1,2/16/25,5c742339e621f900163f4543,3,,,,,,,,,,,,,,,,,,,,,,,,,,,,,,,,,,,,,,,,,,,,,,,,,,,,,,,,,,,,"An ideal telescope for astronomy, so scientists can observe the universe must be allowed.",1,5,2,5,,,,,,,,,,,,,,,,,,,,,,,,,,,,,,,,,,,,,,,,,,,,,,2,2,1,1,42,1,1,English,0,N/A,100,2,,4,1,2,NA,NA,5c742339e621f900163f4543
2/16/25 19:19,2/16/25 19:22,0,135.134.205.182,100,188,1,2/16/25 19:22,R_1yezl42f6OWzuNl,,,,,42.9253,-89.2125,anonymous,EN,1,2/16/25,612e6569f68929afb886fb5c,3,,,,,,,,,,,,,,,,,,,,,,,,,,,,,,,,,,,,,,,,,,,,,,,,,,,,,,,"The right of hive-owners to maintain and harvest colonies from a regularly maintained beehive must not be restricted, as it is necessary for the production of high-quality honey.",2,6,1,2,,,,,,,,,,,,,,,,,,,,,,,,,,,,,,,,,,,,,,,,,,,,,,,,,,,2,2,1,2,25,6,1,English,0,N/A,100,2,,4,1,2,NA,NA,612e6569f68929afb886fb5c
2/16/25 19:10,2/16/25 19:22,0,139.171.184.123,100,721,1,2/16/25 19:22,R_7WbWnNg9XvafzXP,,,,,37.751,-97.822,anonymous,EN,1,16-Feb-25,67ad3984d5a39318530f4102,3,,,,,,,,,,,,,,,,,,,,,,,,,,,,,,,,,,,,,,,,,,,,,,,,,,,,,,,,,,,,,,,,,,,,,,,,,,,,,,,,,,,,,,,,,,"To keep people safe from dangerous storms, weather stations need to be constantly watched. Communities have the right to know about bad weather, so access to this information should not be stopped.",1,5,1,3,,,,,,,,,,,,,,,,2,2,1,2,44,1,1,English,0,1,100%,2,,4,1,2,NA,NA,67ad3984d5a39318530f4102
2/16/25 19:02,2/16/25 19:26,0,108.204.155.105,100,1449,1,2/16/25 19:26,R_6QAc8XEHYkFHb0T,,,,,28.7935,-81.2868,anonymous,EN,1,2/16/25,5f244e0d0d7f44018faa3938,3,,,,,,,A proper orchard shouldn't be interrupted as it supplies a community,Ambiguous,2,7,3,1,,,,,,,,,,,,,,,,,,,,,,,,,,,,,,,,,,,,,,,,,,,,,,,,,,,,,,,,,,,,,,,,,,,,,,,,,,,,,,,,,,,,,,,,,,,,,,,,,,2,2,1,2,37,1,1,english,0,none,100%,2,,4,1,1,NA,NA,5f244e0d0d7f44018faa3938
2/16/25 19:23,2/16/25 19:30,0,73.174.118.179,100,421,1,2/16/25 19:30,R_7q56VVbtH47jlaW,,,,,40.3177,-79.7223,anonymous,EN,1,2/16/25,66610fcd055389df6e3567a2,3,,,,,,,,,,,,,,,,,,,Everyone can pass down and share their knowledge in the community ,Always,2,7,1,1,,,,,,,,,,,,,,,,,,,,,,,,,,,,,,,,,,,,,,,,,,,,,,,,,,,,,,,,,,,,,,,,,,,,,,,,,,,,,,,,,,,,,,2,2,1,2,40,1,1,English,0,None,100,2,,4,1,2,Na,Na,66610fcd055389df6e3567a2
2/16/25 19:26,2/16/25 19:34,0,68.46.98.155,100,445,1,2/16/25 19:34,R_5ozDcWRAI8zxyGG,,,,,45.1504,-93.148,anonymous,EN,1,2/16/25,5e7acbd0373d5e0c087a112c,3,,,,,,,,,,,,,Carefully built fires are necessarily for survival in dangerous climates as they generate warmth and help people cook food.,Ambiguous,2,6,3,3,,,,,,,,,,,,,,,,,,,,,,,,,,,,,,,,,,,,,,,,,,,,,,,,,,,,,,,,,,,,,,,,,,,,,,,,,,,,,,,,,,,,,,,,,,,,2,2,1,1,29,1,1,English,0,German / 12 / Seldom,100%,2,,4,1,2,NA,NA,5e7acbd0373d5e0c087a112c
2/16/25 19:23,2/16/25 19:35,0,50.0.172.166,100,739,1,2/16/25 19:35,R_7owjB0MZWJzklGx,,,,,37.7925,-122.4122,anonymous,EN,1,2/16/25,656130263399ad94b5b84fd2,3,,,,,,,,,,,,,,,,,,,,,,,,,Dams should be well built in order to prevent flooding.,Ambiguous,2,5,3,2,,,,,,,,,,,,,,,,,,,,,,,,,,,,,,,,,,,,,,,,,,,,,,,,,,,,,,,,,,,,,,,,,,,,,,,,,,,,,,,,2,2,1,2,49,4,1,English,0,No other languages,100%,2,,4,1,2,"It was a bit unclear to me how much of the sentence we needed to include when rewriting it. In my case, I left out the bit about the engineer because I thought the essential part of the sentence was about having a structurally sound dam. I was thinking about how to make the sentence as simple as possible, as directed by the instructions.",NA,656130263399ad94b5b84fd2
2/16/25 19:03,2/16/25 19:35,0,66.181.123.35,100,1915,1,2/16/25 19:35,R_5f7TseYw2lQFvDv,,,,,44.8043,-68.7751,anonymous,EN,1,2/16/25,6287a504c4cb277cf781b6bb,3,,,,,,,,,,,,,,,,,,,,,,,,,,,,,,,,,,,,,,,,,,,,,,,,,,,,,,,,,,,,,,,,,,,,,,,,,,,,,,,,,,,,,"Because people need protection from the elements to survive, anybody without a shelter should be provided with one.",2,5,1,2,,,,,,,,,,,,,,,,,,,,,2,2,1,1,22,1,1,English,0,N/A,100%,2,,4,1,2,NA,NA,6287a504c4cb277cf781b6bb
2/16/25 19:28,2/16/25 19:35,0,99.11.16.85,100,409,1,2/16/25 19:35,R_1mn5RGnybJrPzwd,,,,,33.0924,-117.2624,anonymous,EN,1,2/16/25,644a53ac09de69785b70ec16,3,,,,,,,,,,,,,,,,,,,,,,,,,,,,,,,,,,,,,,,,,,,,,,,,,,,,,,,,,,,,,,,,,,,,,,,,,,,"Sailors need a working lighthouse to navigate and reach shore, so lighthouse maintenance must not be neglected.",2,3,3,5,,,,,,,,,,,,,,,,,,,,,,,,,,,,,,,2,2,1,2,61,1,1,English,0,N/A,100,2,,4,1,2,It was clear but I was surprised how difficult it was.,NA,644a53ac09de69785b70ec16
2/16/25 19:29,2/16/25 19:36,0,136.38.159.166,100,422,1,2/16/25 19:36,R_5egg12KLZm4kDdf,,,,,40.7334,-111.8628,anonymous,EN,1,2/16/25,671147d91280c7052893e827,3,"Information, especially history needs to be well kept but also not restricted.",ambiguous,2,5,1,3,,,,,,,,,,,,,,,,,,,,,,,,,,,,,,,,,,,,,,,,,,,,,,,,,,,,,,,,,,,,,,,,,,,,,,,,,,,,,,,,,,,,,,,,,,,,,,,,,,,,,,,,2,2,1,1,31,1,1,English,0,N/A,100%,2,,4,1,2,NA,NA,671147d91280c7052893e827
2/16/25 19:20,2/16/25 19:37,0,199.59.236.98,100,1025,1,2/16/25 19:37,R_7LnilcJQ0hfPIPD,,,,,42.4682,-91.8808,anonymous,EN,1,2/16/25,66988a340f9fd495627e693b,3,,,,,,,,,,,,,,,,,,,,,,,,,,,,,,,,,,,,,,,,,,,,,,,,,,,,,,,,,,,,,,,,,People's right to locate safety in shelter during extreme conditions must not be hindered.,1,7,1,6,,,,,,,,,,,,,,,,,,,,,,,,,,,,,,,,,,,,,,,,,2,2,1,1,36,1,1,English,0,0,100%,2,,4,1,2,NA,The phrasing of the follow-up questions seemed to overlook the idea that the original sentence topic was about the structure from a grammatical standpoint according the the punctuation used.  Maybe I am wrong in that and I need to brush up on my English skills. ,66988a340f9fd495627e693b
2/16/25 19:27,2/16/25 19:37,0,24.164.151.251,100,565,1,2/16/25 19:37,R_5rq2kXjMxkyOXir,,,,,40.5502,-74.1475,anonymous,EN,1,2/16/25,6629e9bbe0147a7cf2f25f33,3,,,,,,,,,,,,,,,,,,,,,,,,,,,,,,,"For every aspect of a marketplace to succeed, it must be organized",Always,2,5,1,6,,,,,,,,,,,,,,,,,,,,,,,,,,,,,,,,,,,,,,,,,,,,,,,,,,,,,,,,,,,,,,,,,,,,,,,,,,2,2,2,2,31,"1,6",1,Russian / English,0,"Russian - I was exposed to it from birth and I use it every day to speak to my family, and to translate at work.
Italian - Started learning it at 13, and I use it when I need to translate for someone at work.",75%,2,,4,1,2,NA,NA,6629e9bbe0147a7cf2f25f33
2/16/25 19:07,2/16/25 19:37,0,174.238.232.89,100,1767,1,2/16/25 19:37,R_3Iy35mlB5bVDe85,,,,,33.6324,-112.1262,anonymous,EN,1,2/16/25,66fdcf2d21f6224dcbc267b8,3,,,,,,,"Since a properly maintanced orchard is necessary for a community's food supply, the efforts of farmers to harvest and distribute fruit must not be disrupted. ",Not always,2,6,3,3,,,,,,,,,,,,,,,,,,,,,,,,,,,,,,,,,,,,,,,,,,,,,,,,,,,,,,,,,,,,,,,,,,,,,,,,,,,,,,,,,,,,,,,,,,,,,,,,,,2,2,1,2,22,1,1,English,0,None,100%,2,,4,1,1,NA,NA,66fdcf2d21f6224dcbc267b8
2/16/25 19:30,2/16/25 19:37,0,152.37.253.151,100,403,1,2/16/25 19:37,R_3NsMcImMAV1Vk75,,,,,33.4669,-94.0774,anonymous,EN,1,2/16/25,6686eda3f5bea9f320d9376d,3,,,,,,,,,,,,,,,,,,,,,,,,,,,,,,,,,,,,,,,,,,,,,,,,,,,,,,,,,,,,,,,,,,,,,,,,,,,,,,,,,,,,,,,,,,,,,,,,,,,,The water is checked normally to insure that everyone in the area gets clean water. Everyone has the right to clean water and it should never be denied.,2,7,3,2,,,,,,2,2,1,1,43,1,1,English,0,none,100,2,,4,1,2,n/a,n/a,6686eda3f5bea9f320d9376d
2/16/25 19:22,2/16/25 19:38,0,73.192.165.58,100,933,1,2/16/25 19:38,R_6oqbmrr5ZVB3Xzr,,,,,37.4716,-121.1297,anonymous,EN,1,2/16/25,5ddd730ffce606ce31a105d4,3,,,,,,,"An orchard must be taken care of, and the farmers must be able to harvest and sell the fruit because the community needs the fruit for food.",Not always,2,7,3,5,,,,,,,,,,,,,,,,,,,,,,,,,,,,,,,,,,,,,,,,,,,,,,,,,,,,,,,,,,,,,,,,,,,,,,,,,,,,,,,,,,,,,,,,,,,,,,,,,,2,2,1,2,42,1,1,English,0,None fluently,"100%
If I speak anything else it's because I've learned some back in school or it's from self study of a language, and it's such a small amount",2,,4,2,2,Everything was fine.  I put no for a quiet environment because I play noise (such as rain sounds) on purpose to help me relax.,NA,5ddd730ffce606ce31a105d4
2/16/25 19:32,2/16/25 19:38,0,108.54.235.53,100,406,1,2/16/25 19:38,R_3j2qZDoReG86lJv,,,,,40.9058,-73.3381,anonymous,EN,1,2/17/24,67ad3d15cc3b9cdb55cc6121,3,,,,,,,,,,,,,,,,,,,,,,,,,,,,,,,,,,,,,,,,,,,,,,,,,,,,,,,,,,,,,,,,,,,,,,,,,,,,,,,,,,,,,,,,,,A weather station is important for communities to access weather information,1,3,1,2,,,,,,,,,,,,,,,,2,2,1,2,30,1,1,English ,0,1,100,2,,4,1,2,None ,Na,67ad3d15cc3b9cdb55cc6121
2/16/25 19:33,2/16/25 19:40,0,64.92.60.41,100,387,1,2/16/25 19:40,R_1PYns9oCyUSGm71,,,,,29.7388,-95.8309,anonymous,EN,1,2/16/25,665c738a0fa99b0a682780f2,3,,,,,,,,,,,,,,,,,,,,,,,,,,,,,,,,,,,,,"A well paved road should not be obstructed as it is necessary for trade, travel, and the ability of merchants and travelers to move goods.",Not Always,2,6,1,2,,,,,,,,,,,,,,,,,,,,,,,,,,,,,,,,,,,,,,,,,,,,,,,,,,,,,,,,,,,,,,,,,,,,2,2,1,1,43,1,1,English,0,None,100%,2,,4,1,2,Na,NA,665c738a0fa99b0a682780f2
2/16/25 19:32,2/16/25 19:41,0,96.32.214.53,100,563,1,2/16/25 19:41,R_3A0wwVh4NEAhD9Y,,,,,33.454,-84.1534,anonymous,EN,1,2/16/25,5cfe3ec7591d170019447590,3,,,,,,,,,,,,,,,,,,,,,,,,,,,,,,,,,,,,,,,,,,,,,,,,,,,,,,,,,,,,,,,,,,,,,,We must not deny access to food reserves.,2,4,3,4,,,,,,,,,,,,,,,,,,,,,,,,,,,,,,,,,,,,2,2,1,1,38,2,1,English,0,N/A,100%,2,,4,1,2,N/A,N/A,5cfe3ec7591d170019447590
2/16/25 19:39,2/16/25 19:43,0,108.245.4.50,100,261,1,2/16/25 19:43,R_6QMf8vH7GiFOvJu,,,,,41.5701,-83.6398,anonymous,EN,1,2/16/25,6672fce733b33c5400ece768,3,,,,,,,,,,,,,,,,,,,,,,,,,,,,,,,,,,,,,,,,,,,,,,,,,It is important for curators to preserve culturally significant works of art. ,Ambiguous,1,2,1,3,,,,,,,,,,,,,,,,,,,,,,,,,,,,,,,,,,,,,,,,,,,,,,,,,,,,,,,,2,2,1,1,23,1,1,english,0,n/a,100%,2,,4,1,2,NA,NA,6672fce733b33c5400ece768
2/16/25 19:37,2/16/25 19:43,0,73.252.11.224,100,332,1,2/16/25 19:43,R_524QnzZkDR8QGuP,,,,,32.4401,-88.6783,anonymous,EN,1,2/16/25,631e8c52a408a788b7e62e11,3,,,,,,,,,,,,,,,,,,,,,,,,,,,,,,,,,,,,,,,,,,,,,,,,,,,,,,,,,,,,A telescope that is Professionally Optimized for advancing Space research and the the ability for scientist that use them should not be messed with.,1,6,1,1,,,,,,,,,,,,,,,,,,,,,,,,,,,,,,,,,,,,,,,,,,,,,,2,2,1,1,31,1,1,english,0,n/a,n/a,2,,4,1,2,NA,NA,631e8c52a408a788b7e62e11
2/16/25 19:36,2/16/25 19:43,0,24.16.42.165,100,451,1,2/16/25 19:43,R_1huP40J4wjkvmCt,,,,,47.5579,-122.1633,anonymous,EN,1,",2/16/2025",5dd3bfcd8b8df139ce007928,3,,,,,,,,,,,,,,,,,,,,,,,,,,,,,,,,,,,,,,,,,,,,,,,,,,,,,,,A well-maintained beehive operated for the purpose of making quality honey by a person keeping bees should not be restricted,2,2,3,5,,,,,,,,,,,,,,,,,,,,,,,,,,,,,,,,,,,,,,,,,,,,,,,,,,,2,2,1,1,56,1,1,English ,0,0,100,2,,4,1,2,NA,NA,5dd3bfcd8b8df139ce007928
2/16/25 19:38,2/16/25 19:44,0,71.251.231.49,100,363,1,2/16/25 19:44,R_6EiKBjw6EVLx8yI,,,,,37.5235,-77.3158,anonymous,EN,1,2/16/25,66c682f80c99100db7a832ed,3,,,,,,,,,,,,,,,,,,,,,,,,,,,,,,,,,,,,,,,,,,,A sundial should not be moved because it requires careful calibration to keep time accurately.,Not Mentioned,1,4,3,6,,,,,,,,,,,,,,,,,,,,,,,,,,,,,,,,,,,,,,,,,,,,,,,,,,,,,,,,,,,,,,2,2,1,1,24,1,1,english,0,none,100%,2,,1,1,2,NA,NA,66c682f80c99100db7a832ed
2/16/25 19:43,2/16/25 19:47,0,172.56.88.33,100,243,1,2/16/25 19:47,R_5pPoHNb8JPziQlb,,,,,30.3328,-97.7005,anonymous,EN,1,2/16/25,66c42da12cca15dd8d446e9a,3,,,,,,,"To maintain an orchard, you must harvest and distribute fruit and not be interrupted.",Ambiguous,2,6,3,2,,,,,,,,,,,,,,,,,,,,,,,,,,,,,,,,,,,,,,,,,,,,,,,,,,,,,,,,,,,,,,,,,,,,,,,,,,,,,,,,,,,,,,,,,,,,,,,,,,2,2,1,1,20,1,1,English,0,N/A,100%,2,,4,1,2,NA,NA,66c42da12cca15dd8d446e9a
2/16/25 19:00,2/16/25 19:48,0,24.19.156.117,100,2888,1,2/16/25 19:48,R_7myZylFtsGWQVbv,,,,,47.6276,-122.6431,anonymous,EN,1,2/16/25,657d55fc290cd078c2196059,3,,,,,,,,,,,,,,,,,,,,,,,,,,,,,,,,,,,,,,,,,,,,,,,,,,,,,,,,,,,,,,,,,,,,,,,,,,,,,,,,,,,,,,,,,,,,,,,,,,,,"It is the right of communities to access and utilize water resources that have regularly checked aqueducts, which is necessary for the delivery of clean water, and should not be denied. ",2,6,1,3,,,,,,2,2,1,2,37,1,1,English,0,I only speak English.,100%,2,,4,1,2,"My boyfriend was on tic tok while I was trying my best to rewrite that first sentence, I had to ask him to turn the volume down after I realized how distracting it was. ",NA,657d55fc290cd078c2196059
2/16/25 19:41,2/16/25 19:48,0,47.6.128.99,100,453,1,2/16/25 19:48,R_31XTjR5gm4YDBqF,,,,,36.0683,-119.0343,anonymous,EN,1,2/16/25,5de8887aa2db898017debf1a,3,,,,,,,,,,,,,,,,,,,,,,,,,,,,,,,,,,,,,,,,,,,,,,,,,,,,,,,,,,,,,,,,,"A structurally sound shelter is necessary for individual to seek safety in extreme conditions, and should not be refused.",2,7,1,2,,,,,,,,,,,,,,,,,,,,,,,,,,,,,,,,,,,,,,,,,2,2,1,2,37,1,1,English,0,None,100%,2,,4,1,2,NA,NA,5de8887aa2db898017debf1a
2/16/25 19:43,2/16/25 19:52,0,76.226.173.119,100,533,1,2/16/25 19:52,R_3fHQaIuT9BK4JxW,,,,,30.0997,-91.9901,anonymous,EN,1,2/16/25,6063c0f31b718b3623f66303,3,,,,,,,,,,,,,,,,,,,,,,,,,,,,,,,,,,,,,,,,,,,,,,,,,,,,,,,,,,,,,,,,,,,,,,,,,,,,,,,,,,,,,Shelter is very important in survival for standed travelers.,2,6,3,5,,,,,,,,,,,,,,,,,,,,,2,2,2,2,54,1,1,english,1,none,100%,2,,4,1,2,NA,NA,6063c0f31b718b3623f66303
2/16/25 19:19,2/16/25 19:52,0,216.15.86.212,100,2012,1,2/16/25 19:52,R_5YRw1c1Wk9pNg9X,,,,,40.6941,-75.2904,anonymous,EN,1,2/16/25,65dddf17b8d6050c2ffd5f30,3,,,,,,,,,,,,,,,,,,,,,,,,,,,,,,,,,,,,,,,,,,,,,,,,,,,,,,,,,,,,,,,,,,,,,,,,,,,,,,,,,,,,,,,,,,,,,,,,,,,,,,,,,A weathervane should be carefully placed so that it can turn freely. This enables meteorologists to monitor weather conditions and predict shifting winds.,2,3,3,7,2,2,1,1,63,1,1,English,0,None,100%,2,,4,1,2,The sentence about weathervanes and meteorologists was convoluted and unclear! I found it very difficult to decipher its meaning. The meaning I came up with was quite different than the choices you offered later in the study.,"The sentence about weathervanes and meteorologists was too long and relied too much on commas. As a freelance editor, I take punctuation seriously. Some of those commas really irked me! :)",65dddf17b8d6050c2ffd5f30
2/16/25 19:53,2/16/25 19:56,0,76.178.166.6,100,128,1,2/16/25 19:56,R_3WGeoc4US0Bteom,,,,,47.7242,-116.7834,anonymous,EN,1,2/16/25,6110ae99760901f60af9af27,3,,,,,,,,,,,,,,,,,,,,,,,,,,,,,,,,,,,,,,,,,,,,,,,,,,,,,,,,,,,,,,,,,,,,,,Food should not be denied to people.,1,5,2,3,,,,,,,,,,,,,,,,,,,,,,,,,,,,,,,,,,,,2,2,1,2,31,1,1,English,0,n/a,100%,2,,1,1,2,NA,NA,6110ae99760901f60af9af27
2/16/25 19:50,2/16/25 19:59,0,75.65.157.117,100,556,1,2/16/25 19:59,R_7M5NKLQ0UNBOESS,,,,,34.974,-89.999,anonymous,EN,1,2/16/25,67081d4d02dabc04bcb82a99,3,,,,,,,,,,,,,,,,,,,,,,,,,"A structurally sound dam is necessary to prevent flooding; therefore, engineering expertise to repair and reinforce such a bridge should go ahead without interruption.",Not Always,2,6,3,5,,,,,,,,,,,,,,,,,,,,,,,,,,,,,,,,,,,,,,,,,,,,,,,,,,,,,,,,,,,,,,,,,,,,,,,,,,,,,,,,2,2,1,2,72,1,1,English,0,NA,100%,2,,4,1,2,NA,NA,67081d4d02dabc04bcb82a99
2/16/25 19:46,2/16/25 20:00,0,156.146.94.12,100,859,1,2/16/25 20:00,R_5URx0f8YgxyXogF,,,,,35.9077,-94.9905,anonymous,EN,1,2/16/25,6684442ab12a3f302198f089,3,,,,,,,,,,,,,,,,,,,"there is a great tradition, that brings the community together, when the role of elders is passed down there knowledge is passed down. ",Not mentioned. ,2,6,3,3,,,,,,,,,,,,,,,,,,,,,,,,,,,,,,,,,,,,,,,,,,,,,,,,,,,,,,,,,,,,,,,,,,,,,,,,,,,,,,,,,,,,,,2,2,1,1,26,1,1,English,0,N/A,100,2,,4,1,2,NA,NA,6684442ab12a3f302198f089
2/16/25 20:03,2/16/25 20:08,0,69.236.117.90,100,262,1,2/16/25 20:08,R_732cXL1KWj15Be6,,,,,33.7596,-84.7463,anonymous,EN,1,2/16/25,5da91247b601ff0012baa8b1,3,,,,,,,,,,,,,,,,,,,,,,,,,,,,,,,,,,,,,,,,,,,,,,,,,In order to preserve artistic masterpieces for the preservation of cultural heritage we shouldnâ€™t undermine the amount of work curators supply.,Not Always,1,5,3,6,,,,,,,,,,,,,,,,,,,,,,,,,,,,,,,,,,,,,,,,,,,,,,,,,,,,,,,,2,2,1,2,30,2,1,English,0,None,None,2,,4,1,2,None,None,5da91247b601ff0012baa8b1
2/16/25 19:54,2/16/25 20:08,0,68.131.89.76,100,838,1,2/16/25 20:08,R_5k1FpawguTZpuIc,,,,,37.5503,-77.3942,anonymous,EN,1,2/16/25,66311dba5aa1ab2311dbe237,3,,,,,,,,,,,,,A fire that is made correctly can generate enough heat for someone to warm themselves and to cook.,Ambiguous,2,5,3,5,,,,,,,,,,,,,,,,,,,,,,,,,,,,,,,,,,,,,,,,,,,,,,,,,,,,,,,,,,,,,,,,,,,,,,,,,,,,,,,,,,,,,,,,,,,,2,2,1,2,55,1,1,English,0,0,100%,2,,4,1,2,N/A,N/A,66311dba5aa1ab2311dbe237
2/16/25 20:08,2/16/25 20:17,0,99.69.14.246,100,557,1,2/16/25 20:17,R_33olAzaawfDrGKd,,,,,36.2017,-119.3402,anonymous,EN,1,2/16/25,675b899f0cddb70d83001071,3,,,,,,,,,,,,,,,,,,,,,,,,,,,,,,,,,,,,,,,,,,,"A sundial, an ancient tool to track time, shouldn't be messed with, as it's easy to mess up the calibration.",Not Mentioned,1,7,1,6,,,,,,,,,,,,,,,,,,,,,,,,,,,,,,,,,,,,,,,,,,,,,,,,,,,,,,,,,,,,,,2,2,1,1,27,1,1,english,0,0,100%,2,,4,1,2,na,na,675b899f0cddb70d83001071
2/16/25 20:10,2/16/25 20:19,0,174.243.52.181,100,536,1,2/16/25 20:19,R_7jBY1IeKRk0tmpY,,,,,38.5753,-90.2651,anonymous,EN,1,2/16/25,6743e31b8d80b64c6fad696f,3,"To preserve history, everyone should have access to important records.
",always,2,6,1,2,,,,,,,,,,,,,,,,,,,,,,,,,,,,,,,,,,,,,,,,,,,,,,,,,,,,,,,,,,,,,,,,,,,,,,,,,,,,,,,,,,,,,,,,,,,,,,,,,,,,,,,,2,2,1,2,61,1,1,english,0,0,100,2,,4,1,2,NA,NA,6743e31b8d80b64c6fad696f
2/16/25 18:43,2/17/25 6:54,0,68.12.50.25,100,43831,1,2/17/25 6:54,R_6P0dUcNvA5uJvBa,,,,,32.7572,-96.7611,anonymous,EN,1,2/16/25,67ad344193ea61fa1a397889,3,,,,,,,,,,,,,,,,,,,,,,,,,,,,,,,,,,,,,,,,,,,,,,,,,,,,,,,,,,,,,,,,,,,,,,,,,,,,,,,,Please do not mess with the garden.,2,4,3,2,,,,,,,,,,,,,,,,,,,,,,,,,,2,2,1,2,26,1,1,English,0,English only,100%,2,,4,2,2,NA,NA,67ad344193ea61fa1a397889